,glac_name,glacier_id,surging,probability,training_data,validation
0,Adambreen,G010834E79549N,0,0.8070294869279457,,
1,,G010893E79550N,0,0.9931074416290281,,
2,Hamburgbreen,G010821E79532N,0,0.8468425823150587,,
3,Hamburgbreen,G010768E79519N,0,0.7849777770975427,,
4,Nepebreen,G010882E79525N,0,0.975262206018542,,
5,Knivseggbreen,G010935E79512N,0,0.6442713756801022,,
6,Sjubreen,G011039E79495N,0,0.9585549057886527,,
7,Munthbreen,G011033E79480N,0,0.8930759383097808,,
8,Sjettebreen,G011294E79478N,0,0.8789239685767857,,
9,Femtebreen,G011045E79416N,0,0.9750719026593024,,
10,,G011058E79397N,1,0.6361572279179202,,
11,,G011022E79389N,0,0.8682994359599701,,
12,,G010975E79385N,0,0.7338812797970872,,
13,Tredjebreen,G011095E79386N,0,0.9772374133057575,,
14,Andrebreen,G011158E79339N,0,0.9079109022118436,,
15,,G011112E79296N,1,0.6410661871181599,,
16,Førstebreen,G011244E79295N,0,0.9866465618337832,,
17,Dronningbreen,G011317E79268N,0,0.966576269938716,,
18,Hårbreen,G011372E79275N,1,0.6425033785623278,,
19,Slørbreen,G011446E79287N,0,0.9773143814386931,,
20,Øyenbreen,G011429E79297N,0,0.9731073521219609,,
21,Forbesbreen,G011365E79313N,0,0.9898492585211971,,
22,,G011730E79297N,0,0.938304674406284,,
23,,G011749E79284N,0,0.7931244669517616,,
24,Karlbreen,G011545E79238N,0,0.9663873394756681,,
25,,G011590E79235N,0,0.9722260132331113,,
26,Hergesellbreen,G011578E79228N,0,0.9667708917686282,,
27,Veobreen,G011529E79220N,0,0.9875877735788887,,
28,Blåshaugbreen,G011500E79194N,0,0.8393649428843972,,
29,,G011420E79191N,0,0.9348602600508908,,
30,Willebreen,G011456E79139N,1,0.592717538501838,,
31,,G011931E79152N,0,0.8933842029475935,,
32,,G011983E79153N,0,0.7387210066540888,,
33,D'Arodesbreen,G012089E79150N,0,0.9949203291511115,,
34,Kambreen,G012064E79175N,0,0.9426916102612566,,
35,Flankebreen,G012146E79173N,0,0.9398643814386931,,
36,Flakbreen,G011986E79170N,0,0.9928462140505256,,
37,,G012153E79215N,1,0.5927175385018381,,
38,Snødombreen,G012146E79225N,0,0.9687192313748362,,
39,,G012131E79236N,0,0.7099288356769613,,
40,,G012167E79245N,0,0.9487658576857576,,
41,Mayerbreen,G012572E79241N,0,0.9294919383755419,,
42,Mayerbreen,G012214E79283N,0,0.9804392367141365,,
43,,G012185E79292N,0,0.8049071218878842,,
44,,G012215E79297N,0,0.8451918972910747,,
45,,G012233E79302N,0,0.5497029185925035,,
46,,G012162E79282N,0,0.9643635184967387,,
47,,G012104E79319N,0,0.9706090175387472,,
48,Supanbreen,G012016E79330N,0,0.9953685084228201,,
49,Kollerbreen,G012352E79323N,0,0.9742912984248777,,
50,Monacobreen,G012697E79319N,1,0.7495714592101042,1,1
51,Friedrichbreen,G012959E79434N,0,0.9528027904703219,,
52,Kovebreen,G013018E79457N,0,0.8737374334283834,,
53,Takkryggbreen,G013038E79467N,1,0.6775290573426117,,
54,Kvamsbreen,G013038E79485N,0,0.9456559915285231,,
55,Børrebreen,G013071E79498N,0,0.9898914521457638,,
56,Keisarbreen,G012930E79526N,0,0.707537476849015,,
57,Viggobreen,G012787E79535N,0,0.6396561433206284,,
58,MF11-breen,G012733E79520N,0,0.7310443271332335,,
59,Stinsonbreen,G012713E79506N,0,0.6292729207618273,,
60,Børrebreen,G012891E79499N,0,0.9753634335360211,,
61,Lernebreen,G012858E79547N,0,0.7574097865341399,,
62,Glopbreen,G012925E79548N,0,0.7317031991195421,,
63,Kvikkåbreen,G012981E79553N,0,0.7815308614889824,,
64,,G013020E79554N,0,0.5429234102949214,,
65,,G013006E79539N,0,0.639883318226494,,
66,Adolfbreen,G013186E79426N,0,0.8596762391897587,,
67,Nygårdbreen,G013217E79412N,0,0.5368937689583483,,
68,Nygårdbreen,G013188E79400N,0,0.7724264532008067,,
69,Schelderupbreen,G013216E79384N,0,0.616267078352229,,
70,,G013607E79362N,1,0.5337161183537746,,
71,,G013641E79346N,0,0.8353881743986248,,
72,,G013624E79319N,1,0.5585611621847069,,
73,,G013651E79286N,0,0.5575538736210952,,
74,,G013542E79250N,0,0.8849040030971788,,
75,Vonbreen,G013470E79201N,0,0.97052494359459,,
76,Vonbreen,G013594E79184N,0,0.9648651029394145,,
77,Vonbreen,G013739E79134N,0,0.735516031041652,,
78,Johanbreen,G013895E79143N,0,0.7797857765335066,,
79,Elnabreen,G014132E79125N,0,0.9284423255023755,,
80,,G014246E79163N,0,0.7135357223630171,,
81,,G014292E79155N,0,0.6421201709686208,,
82,,G014439E79172N,0,0.7065489283134132,,
83,,G014202E79184N,0,0.5495538736210952,,
84,,G014156E79195N,0,0.7855912968302035,,
85,,G013950E79216N,0,0.919088749377656,,
86,,G013914E79199N,0,0.8003701825563336,,
87,,G013907E79179N,0,0.7671738561633413,,
88,,G013839E79227N,0,0.9234225218056039,,
89,,G014173E79283N,0,0.7599979464637538,,
90,,G014222E79282N,0,0.9173558829716904,,
91,,G014246E79269N,0,0.9897975052057643,,
92,,G014284E79269N,0,0.883169785796529,,
93,,G014526E79258N,0,0.9227637925864667,,
94,,G014539E79278N,0,0.900585821278997,,
95,,G014548E79300N,0,0.8251548410652916,,
96,,G014578E79312N,0,0.76890978653414,,
97,,G014536E79326N,0,0.7431769619554118,,
98,,G014696E79325N,0,0.9740740124892561,,
99,,G014781E79323N,0,0.8349371640121831,,
100,,G014817E79330N,1,0.671199357271056,,
101,,G014849E79327N,0,0.9609635933842242,,
102,,G014907E79324N,1,0.6366597027206256,,
103,,G014870E79304N,0,0.867483344651663,,
104,,G014774E79313N,0,0.8339670361785743,,
105,,G014910E79293N,0,0.6558096526402808,,
106,Eddabreeb,G014776E79275N,0,0.7475822756573509,,
107,,G014836E79261N,0,0.975210011690794,,
108,Eddabreeb,G014879E79253N,0,0.9642290463059895,,
109,,G014977E79254N,1,0.6871237001997546,,
110,,G015109E79256N,0,0.9131523922707105,,
111,,G015200E79260N,1,0.5236268863897204,,
112,Binnebreen,G015242E79270N,1,0.6760667012776241,,
113,Binnebreen,G015171E79277N,0,0.7164600995240951,,
114,,G015183E79293N,0,0.64559112899925,,
115,,G015257E79302N,0,0.9752114728067165,,
116,,G015282E79252N,0,0.8866323922707104,,
117,,G015346E79244N,0,0.9063225496383568,,
118,,G015440E79257N,0,0.9274865315108431,,
119,,G015433E79207N,1,0.6411822937789925,,
120,,G015453E79199N,0,0.8972601686163235,,
121,,G015227E79164N,1,0.6094203118582018,,
122,Belshornbreen,G015177E79151N,0,0.947778874064071,,
123,Belshornbreen,G015100E79161N,1,0.550225010722003,,
124,Belshornbreen,G015025E79162N,0,0.9803603410346527,,
125,,G014813E79143N,0,0.6635912779185725,,
126,,G014755E79167N,0,0.847699313342489,,
127,,G014738E79183N,0,0.7120105949264022,,
128,,G014768E79177N,0,0.6293383727041801,,
129,Belshornbreen,G014951E79196N,0,0.6504101012193135,,
130,,G015028E79221N,0,0.8792765090366832,,
131,Uggbreen,G015047E79233N,0,0.937035821278997,,
132,,G015094E79214N,1,0.7021028668664213,,
133,,G015183E79208N,0,0.8650359097666721,,
134,Ginnungagap,G014736E79213N,0,0.8381371640121833,,
135,,G014651E79239N,0,0.8132754260358765,,
136,,G014424E79329N,0,0.9088163948803014,,
137,,G014357E79333N,0,0.9256480728828791,,
138,,G014289E79331N,1,0.5551843403953851,,
139,,G014239E79339N,0,0.8762300113183297,,
140,,G014268E79350N,1,0.7173570335330879,,
141,,G014438E79348N,0,0.7930452648943029,,
142,,G014346E79370N,1,0.7162444790554019,,
143,,G014286E79372N,0,0.5694509323769646,,
144,,G014239E79389N,1,0.7012070335330879,,
145,,G014490E79408N,1,0.7074933971694515,,
146,,G014552E79416N,0,0.9755366248815248,,
147,Hovbreen,G014430E79436N,0,0.7855613016856552,,
148,,G014458E79443N,0,0.7220370744509015,,
149,,G014508E79444N,1,0.5441576755981946,,
150,,G014495E79451N,1,0.6201099669391656,,
151,,G014540E79456N,0,0.76885978653414,,
152,,G014564E79481N,0,0.6806734228977764,,
153,,G014532E79489N,1,0.7027737001997545,0,0
154,,G014435E79501N,0,0.7160154776064275,,
155,,G014380E79487N,1,0.5914907025288371,,
156,,G014454E79471N,0,0.5368309747070334,,
157,,G014439E79454N,0,0.9011372041553798,,
158,,G014735E79437N,0,0.9624724805404027,,
159,,G014712E79419N,0,0.8911966779849962,,
160,Forkbreen,G014703E79408N,0,0.8713237120918877,,
161,Forkbreen,G014653E79385N,0,0.9505619396051153,,
162,,G014700E79357N,0,0.7376619339723844,,
163,,G014748E79361N,0,0.7880086049469233,,
164,,G014887E79368N,0,0.7882788341531877,,
165,,G014832E79398N,0,0.9477262253194011,,
166,,G015002E79409N,1,0.5437085626196698,,
167,,G015016E79395N,0,0.8614309119072605,,
168,,G015094E79386N,0,0.9082402804123662,,
169,,G015104E79378N,1,0.6318149159284703,,
170,,G014846E79418N,0,0.9599213711620018,,
171,,G014878E79443N,0,0.5490975244147459,,
172,,G014847E79465N,0,0.759932494521401,,
173,,G014875E79486N,0,0.8693771371886753,,
174,,G014775E79527N,0,0.5495538736210952,,
175,,G014832E79535N,1,0.7616197315806544,,
176,Skaugumbreen,G014723E79547N,0,0.5795716381328336,,
177,,G014759E79575N,0,0.6952545946435011,,
178,,G014859E79603N,0,0.7198682518755828,,
179,,G014916E79606N,0,0.6297729207618274,,
180,,G014994E79605N,0,0.614061432894515,,
181,,G014916E79562N,0,0.6180021909821172,,
182,,G015007E79553N,0,0.9858492299235417,,
183,,G015062E79542N,0,0.788210811824639,,
184,,G014635E79529N,0,0.790021603833142,,
185,,G014490E79532N,1,0.6156232200113545,,
186,,G014500E79542N,0,0.7470237564620749,,
187,,G014468E79520N,0,0.7350882825994781,,
188,Georgbreen,G014498E79562N,0,0.8419855248244315,,
189,Erstbreen,G014480E79581N,0,0.8331646270007781,,
190,,G014636E79582N,0,0.6197916308099491,,
191,Ottobreen,G014499E79609N,0,0.8055991611880676,,
192,,G014649E79611N,0,0.5439075439529901,,
193,,G014595E79636N,0,0.7392540474144981,,
194,,G014758E79638N,0,0.534137419751999,,
195,,G014780E79631N,0,0.617884182702501,,
196,,G014757E79652N,0,0.8242761231150297,,
197,,G014813E79661N,0,0.7733211292849564,,
198,Svartdalsbreen,G014824E79675N,0,0.7901638138468958,,
199,,G014743E79670N,0,0.9189881743986248,,
200,Vogtbreen,G014644E79653N,0,0.7186777626709385,,
201,Landbreen,G014542E79679N,0,0.7786368353526427,,
202,,G014605E79695N,1,0.5867295914177258,,
203,,G014650E79699N,0,0.6973166591936443,,
204,,G014644E79709N,0,0.924198315266491,,
205,,G014583E79705N,1,0.7471656193916737,,
206,,G014626E79721N,1,0.5397728483339554,,
207,,G014714E79727N,0,0.9098597189505263,,
208,,G014727E79740N,0,0.6136224196839579,,
209,,G014732E79752N,0,0.5480027743935253,,
210,Balbergbreen,G014660E79745N,0,0.9193566766224839,,
211,Garmbreen,G014562E79749N,0,0.9294395430284496,,
212,Uglebreen,G014547E79697N,0,0.660205962580316,,
213,Bybreen,G014441E79695N,0,0.7632931767047147,,
214,,G014455E79679N,1,0.5597290724164543,,
215,,G014442E79671N,1,0.7122070335330879,,
216,Moritzbreen,G014469E79656N,1,0.5630176737287185,,
217,,G014248E79639N,0,0.7942326946803454,,
218,,G014090E79563N,1,0.6981738982473211,,
219,,G014139E79559N,0,0.5332929753075545,,
220,,G013999E79534N,0,0.7611650665217453,,
221,,G014030E79528N,0,0.7197227257867213,,
222,,G014070E79526N,1,0.6597231947841177,,
223,,G014125E79524N,1,0.5566539959544299,,
224,,G014549E79356N,0,0.9300040030971788,,
225,,G013753E79342N,0,0.8796312936674446,,
226,,G013757E79329N,1,0.5644679875183299,,
227,Karlsbreen,G013347E79296N,0,0.9539531882257759,,
228,,G013268E79297N,0,0.6979916047159583,,
229,Tinayrebreen,G012572E79192N,0,0.9615508284940042,,
230,,G012235E79181N,0,0.9200777012300337,,
231,Fjortende Julibreen,G012363E79148N,0,0.9232047955183991,,
232,Blomstrandbreen,G012468E79076N,1,0.7310818893193399,0,1
233,Skreifjellbreen,G012321E79027N,0,0.9746435721636146,,
234,Feiringbreen,G012521E79030N,0,0.9869334012249876,,
235,Conwaybreen,G012737E79028N,0,0.9016162081575734,,
236,Kongsbreen,G013095E79037N,0,0.9340461274459202,,
237,Kronebreen,G013542E78988N,0,0.8716800739230084,,
238,Holmstrømbreen,G013749E78857N,0,0.9879011007144166,,
239,Infantfonna,G013248E78855N,1,0.5326788655209166,0,0
240,Kongsvegen,G013044E78792N,0,0.9246872207880991,,
241,Kronebreen,G012987E78843N,0,0.9841654271903272,,
242,Sidevegen,G012830E78793N,0,0.9344773839582622,,
243,Uversbreen,G012520E78787N,1,0.7238215714870653,0,1
244,,G012571E78830N,0,0.978419934171513,,
245,Botnfjellbreen,G012405E78843N,0,0.9777357943858368,,
246,,G012402E78857N,1,0.5973587264048719,,
247,,G012385E78863N,0,0.9423905110336868,,
248,Pedersenbreen,G012286E78855N,0,0.9903492135836723,,
249,Austre Lovenbreen,G012161E78870N,0,0.902888970925126,,
250,Edithbreen,G012119E78852N,0,0.746349568533167,,
251,Midtre Lovenbreen,G012039E78878N,0,0.9909239471608199,,
252,Midtre Lovenbreen,G011995E78884N,1,0.5883795589932613,,
253,Midtre Lovenbreen,G012003E78891N,0,0.7928561484520118,,
254,Vestre Lovenbreen,G011917E78903N,0,0.9173963478932912,,
255,Austre Brøggerbreen,G011895E78886N,0,0.9893431114814402,,
256,Steenbreen,G011938E78865N,0,0.9893492135836721,,
257,Vestre Brøggerbreen,G011694E78906N,0,0.9750429645884229,,
258,Trongskarbreen,G011609E78919N,1,0.6906498969562145,,
259,Kjærfjellbreen,G011538E78919N,0,0.862228766569574,,
260,Mørebreen,G011702E78932N,0,0.8728899849987718,,
261,Olsønbreen,G011961E79063N,0,0.8843957216254059,,
262,Uversbreen,G012186E78809N,0,0.9742521345271771,,
263,Comfortlessbreen,G012220E78757N,0,0.986530168302901,,
264,Arthurbreen,G011950E78773N,0,0.7811227682696404,,
265,Tassbreen,G011930E78781N,0,0.9679576570483379,,
266,,G011903E78795N,0,0.9917920009147336,,
267,,G011852E78798N,1,0.7452303958814935,,
268,Arthurbreen,G011876E78763N,0,0.9836525632568749,,
269,,G011889E78755N,0,0.8498633822800249,,
270,Cissybreen,G011941E78751N,0,0.878092461053923,,
271,Haakenbreen,G011989E78747N,0,0.9904004904274947,,
272,Erikkabreen,G012094E78733N,0,0.9825356615057542,,
273,Aavatsmarkbreen,G012307E78697N,1,0.8974895597958215,0,1
274,Irenebreen,G012138E78665N,0,0.7723756177894017,,
275,Waldemarbreen,G012079E78681N,0,0.85181868034797,,
276,Elisebreen,G012283E78651N,0,0.6628093038008391,,
277,Eivindbreen,G012298E78632N,0,0.9314810689014369,,
278,Andreasbreen,G012325E78618N,0,0.9875756738646286,,
279,Oliverbreen,G012379E78607N,0,0.7987630363325428,,
280,Ankerbreen,G012666E78557N,0,0.6629324004966437,,
281,,G012730E78552N,0,0.7789603509608267,,
282,Gaffelbreen,G012876E78576N,0,0.8043581509311399,,
283,,G012972E78551N,0,0.9850167623910739,,
284,Smalgangen,G013011E78562N,0,0.9681662549397881,,
285,Konowbreen,G013037E78569N,0,0.9473979283538372,,
286,Konowbreen,G012918E78620N,0,0.5325948462888928,,
287,Dahlbreen,G012670E78658N,0,0.5510578482351662,,
288,Osbornebreen,G013139E78668N,1,0.9389564377152919,1,1
289,Osbornebreen,G013271E78658N,0,0.5397393011139997,,
290,Vintervegen,G013572E78583N,0,0.9933416905817406,,
291,,G013466E78569N,0,0.8812493413849334,,
292,Paulbreen,G013453E78559N,0,0.9862617314224067,,
293,Vegardbreen,G013390E78531N,0,0.9674953366785569,,
294,,G013292E78527N,0,0.993881165064424,,
295,Anna Sofiebreen,G013200E78490N,0,0.9441104514946481,,
296,Gunnarbreen,G013139E78483N,0,0.9700321100401155,,
297,Løvliebreen,G013035E78476N,0,0.9257601840741158,,
298,Holmeslettbreen E,G012933E78489N,0,0.8726103410346526,,
299,Hydrographbreen,G012879E78459N,0,0.9102576515475361,,
300,Hydrographbreen,G012771E78462N,0,0.8467501871294052,,
301,Bullbreen,G012641E78470N,0,0.860254645683941,,
302,,G012560E78476N,1,0.5478152610975064,,
303,,G012519E78465N,0,0.9744487287293335,,
304,,G012639E78430N,0,0.9384652712056232,,
305,,G013219E78360N,1,0.5452446121729958,,
306,,G013265E78323N,0,0.9744938937930971,,
307,Vetternbreen,G013386E78313N,0,0.8837559766277554,,
308,Kjerulfbreen,G013639E78303N,0,0.9641253835992183,,
309,Kiærbreen,G013751E78314N,1,0.6616084814092298,,
310,Esmarkbreen,G013812E78290N,1,0.5436892105218434,,
311,Harrietbreen,G013613E78270N,0,0.9216494616951418,,
312,Torgnybreen,G013564E78238N,0,0.6759757120152203,,
313,Protektorbreen,G013680E78239N,0,0.9314791638537319,,
314,Alkhornbreen,G013790E78219N,1,0.5923954364334258,,
315,Lexfjellbreen,G013481E78262N,0,0.8722753732035784,,
316,Venernbreen,G013419E78350N,0,0.9891355490633513,,
317,Esmarkbreen,G013747E78362N,1,0.8405812029054825,0,1
318,Nansenbreen,G013798E78390N,0,0.9662548981077892,,
319,,G014105E78454N,0,0.8097728308208204,,
320,,G014097E78461N,0,0.9638380074341061,,
321,Wahlenbergbreen,G014188E78460N,1,0.7235885362511806,,
322,,G014182E78455N,0,0.5524222730590117,,
323,,G014222E78450N,0,0.8808364524631956,,
324,,G014293E78442N,1,0.649959044261017,,
325,,G014210E78515N,0,0.9844550660820316,,
326,,G014196E78524N,0,0.9143279945795773,,
327,Wahlenbergbreen,G013901E78579N,1,0.9391692079890198,0,1
328,Sveabreen,G013810E78650N,0,0.8728568116705399,,
329,Bardebreen,G014064E78669N,0,0.950014913414263,,
330,Sefströmbreen,G014153E78690N,1,0.6068372571488811,,
331,Lappbreen,G014238E78640N,0,0.9270290963609265,,
332,,G014222E78624N,0,0.8288029439008422,,
333,Kapitolbreen,G014928E78701N,0,0.8405326149162409,,
334,,G014978E78708N,0,0.9695038398637508,,
335,,G015010E78711N,0,0.937725696632787,,
336,Handalsbreen,G015011E78690N,0,0.8808432431359172,,
337,Urbreen,G014887E78779N,0,0.8442793581905537,,
338,,G014845E78777N,0,0.9273050339961291,,
339,Gygrebreen,G014885E78807N,0,0.977667612567655,,
340,Hattbreen,G014775E78815N,0,0.9724311346854464,,
341,,G014746E78833N,0,0.9470687288456722,,
342,,G014781E78837N,0,0.9627897342185815,,
343,Sølvbreen,G014872E78849N,1,0.6090181221902725,,
344,Brennbreen,G014981E78857N,0,0.785503280253756,,
345,,G015040E78866N,0,0.9173134004618658,,
346,,G014941E78875N,1,0.6857699366387541,0,0
347,,G014938E78898N,1,0.6146042051170939,,
348,,G014882E78907N,0,0.8827937111328324,,
349,,G015042E78918N,0,0.7826448251297984,,
350,,G015137E78911N,1,0.6502877941467433,,
351,Universitetsbreen,G015282E78973N,0,0.9809764524865026,,
352,,G015269E79001N,1,0.5542031897510119,,
353,Lisbetbreen,G015302E79008N,0,0.7395205552975403,,
354,Lisbetbreen,G015195E79002N,0,0.5599806488303344,,
355,Lisbetbreen,G015146E79019N,0,0.9589763074212072,,
356,,G015120E79029N,0,0.7227580977168069,,
357,Battyebreen,G014977E79027N,0,0.9708455845475156,,
358,Battyebreen,G014869E79036N,1,0.589052221681525,0,0
359,Lisbetbreen,G014909E79069N,0,0.9842350057856105,,
360,Bukkebreen,G015106E79128N,0,0.9780366248815249,,
361,Yggbreen,G015266E79105N,0,0.9222539008928073,,
362,,G015164E79075N,1,0.5520661383772456,,
363,,G015325E79054N,0,0.7479764532008066,,
364,Angelbreen,G015353E79064N,0,0.8944902916812415,,
365,Angelbreen,G015360E79071N,0,0.9069887493776558,,
366,Angelbreen,G015376E79084N,0,0.7228036439352943,,
367,Yggbreen,G015440E79099N,0,0.6055217060375133,,
368,Yggbreen,G015491E79092N,0,0.9635682888114646,,
369,,G015664E79015N,0,0.8145088851565359,,
370,,G015662E78996N,0,0.8437231903232328,,
371,Arbobreen,G015632E78977N,0,0.5994904918548389,,
372,,G015653E78963N,0,0.5387282277080334,,
373,Høegdalsbreen,G015696E78945N,0,0.9735361350261851,,
374,Høegdalsbreen,G015777E78955N,0,0.7998737866416926,,
375,Mannbreen,G015860E78950N,0,0.7724298262166797,,
376,Purpurbreen,G015925E78957N,0,0.7127220436076542,,
377,,G015989E78960N,0,0.7907382858126393,,
378,,G016034E78958N,0,0.7203087490363049,,
379,Kastellbreen,G015984E78972N,0,0.9776761975739339,,
380,Skråbreen,G015792E78921N,0,0.7863399452642988,,
381,Vasskilbreen Nord,G015664E78913N,0,0.9318739165170923,,
382,Fyrisbreen,G015560E78928N,0,0.9199534467917129,,
383,,G015504E78912N,0,0.8873847545339502,,
384,,G015573E78903N,1,0.5486811335111348,,
385,Gavlhaugbreen,G015508E78878N,0,0.7242252662508872,,
386,,G015572E78868N,0,0.8494052627765495,,
387,Vasskilbreen Sør,G015623E78880N,0,0.7975838677900762,,
388,Delbreen,G015763E78867N,0,0.8293223772200278,,
389,,G015864E78862N,0,0.9518880378286685,,
390,,G015928E78860N,0,0.9896297457965574,,
391,,G015981E78863N,1,0.6573898614507844,,
392,Gyldenbreen,G016034E78868N,1,0.5511408394205569,,
393,,G016009E78873N,1,0.5507549742261647,,
394,Gyldenbreen,G016081E78857N,0,0.611734648951276,,
395,Manchesterbreen,G016078E78806N,0,0.9896983004534394,,
396,Kinamurbreen,G015980E78810N,0,0.7265558148034776,,
397,,G015892E78811N,0,0.9600572220176724,,
398,,G015835E78806N,0,0.868405296915471,,
399,Robertsonbreen,G015988E78792N,0,0.9347384267457371,,
400,Robertsonbreen,G015962E78780N,1,0.5668685203764363,,
401,Gonvillebreen,G016067E78765N,0,0.979786503715854,,
402,Stensiöbreen,G016042E78751N,0,0.9791175728653092,,
403,,G016052E78739N,1,0.5665573488919879,,
404,,G016021E78731N,0,0.8012480918567286,,
405,Muninbreen,G016114E78731N,0,0.930843370012824,,
406,,G016014E78711N,0,0.8951929748774182,,
407,,G015970E78709N,0,0.8239143079035026,,
408,,G015911E78697N,0,0.8877838574721759,,
409,,G015878E78686N,0,0.9776936262229764,,
410,,G015815E78683N,0,0.7930628284450284,,
411,,G015815E78671N,0,0.8296961835316342,,
412,,G015950E78678N,1,0.5648128956328287,,
413,,G016021E78680N,0,0.9263228962601853,,
414,,G016009E78690N,0,0.8848920080187513,,
415,,G015972E78655N,1,0.5958701050436136,,
416,,G015930E78650N,0,0.9896158965902082,,
417,,G015809E78636N,0,0.9192185544912285,,
418,,G015794E78641N,1,0.5455902244202256,,
419,,G015768E78637N,0,0.8705326579390065,,
420,,G015781E78618N,0,0.7190019502311596,,
421,,G015730E78612N,0,0.9780473385742117,,
422,,G015833E78622N,0,0.9880382800888139,,
423,Jotunfonna,G016171E78612N,0,0.9450428224293361,,
424,Bertilbreen,G016229E78679N,0,0.8143494888346628,,
425,Bertilbreen,G016264E78699N,0,0.9149607254874471,,
426,Ferdinandbreen,G016321E78702N,1,0.5557393070229222,,
427,Ferdinandbreen,G016310E78709N,1,0.5546196650156372,,
428,Svenbreen,G016262E78727N,0,0.8654571866515341,,
429,Hørbyebreen,G016221E78769N,0,0.8823528401286683,,
430,Cambridgebreen,G016267E78798N,0,0.9832501266711976,,
431,Southhamptonbreen,G016158E78807N,0,0.9024616138112227,,
432,,G016258E78825N,0,0.5644862029776118,,
433,,G016528E78774N,0,0.9763033793526494,,
434,,G016657E78770N,0,0.7622204506579834,,
435,Ragnarbreen,G016782E78772N,0,0.9668162476168576,,
436,Bertrambreen,G016821E78752N,0,0.9908445849778438,,
437,Ebbabreen,G016900E78750N,0,0.9343332851547521,,
438,Pollockbreen,G016865E78703N,0,0.6662942175352887,,
439,Nordenskiöldbreen,G017371E78745N,0,0.9770713655741943,,
440,Florabreen,G017406E78601N,0,0.8872472254687368,,
441,,G017218E78590N,0,0.7841189171741472,,
442,Margaretbreen,G017117E78585N,0,0.9767141605369052,,
443,Mathewbreen,G016921E78601N,0,0.8130314022493916,,
444,Austbotnen,G016813E78594N,0,0.8132147808394006,,
445,Fairweatherbreen,G016932E78578N,0,0.9697500895262543,,
446,,G016791E78544N,1,0.6394753559799493,,
447,,G016738E78539N,1,0.6425186775803017,,
448,,G016668E78532N,0,0.8941750545271404,,
449,,G016690E78518N,1,0.5455902244202256,,
450,Stenhousebreen,G016766E78517N,0,0.7772683197910762,,
451,,G016527E78500N,1,0.592717538501838,,
452,,G016831E78453N,0,0.7697763330109246,,
453,Macleanbreen,G016877E78446N,0,0.881568784674901,,
454,Macleanbreen,G016872E78439N,0,0.7595006535422624,,
455,,G016936E78435N,0,0.9685793608587112,,
456,,G016925E78443N,1,0.695957500200292,,
457,,G016935E78454N,1,0.5463109011119549,,
458,Burn-Murdochbreen,G017107E78470N,0,0.9821299639364041,,
459,,G016998E78492N,0,0.96757052107878,,
460,Boltonbreen,G017125E78495N,0,0.9876563671513521,,
461,,G017193E78472N,0,0.9325496549197476,,
462,Brucebreen,G017291E78485N,0,0.7779379625098238,,
463,Methuenbreen,G017192E78520N,0,0.9739797812734864,,
464,Pinkbreen,G017276E78545N,0,0.9020062738286091,,
465,,G017400E78574N,0,0.5466284277463072,,
466,Tunabreen,G017497E78572N,0,0.666428647849123,,
467,Von Postbreen,G017824E78480N,0,0.9832911091846933,,
468,Wandbreen,G017667E78380N,0,0.8420088874993663,,
469,Fimbulisen W,G017583E78369N,1,0.690799538639607,0,0
470,,G017415E78369N,1,0.663000241677539,,
471,Kommissærbreen,G016899E78429N,0,0.8735826245728988,,
472,,G016687E78421N,0,0.7431841404493986,,
473,Lusitaniabreen,G016722E78264N,0,0.8151929531057288,,
474,Duboisbreen,G016743E78253N,0,0.9863510450225006,,
475,Arnicabreen,G016662E78237N,0,0.8899307743224808,,
476,Arctowskibreen,G016556E78241N,0,0.9646726403468474,,
477,,G016503E78233N,0,0.5369537271766529,,
478,,G016600E78256N,0,0.7875581506360122,,
479,Flowerbreen,G016589E78272N,0,0.9628625504915016,,
480,,G016784E78244N,0,0.9192520862372602,,
481,Kampfonna,G017145E78184N,0,0.9856658387541675,,
482,Breifonna,G017099E78162N,0,0.7402622918471233,,
483,,G017204E78156N,0,0.91308759420968,,
484,,G017389E78148N,0,0.775917385494855,,
485,Vendombreen,G017225E78129N,0,0.99160914349394,,
486,,G017321E78108N,0,0.7300977589198968,,
487,,G017286E78102N,0,0.7043596832323292,,
488,,G017277E78087N,1,0.5864584692700932,,
489,,G017186E78089N,0,0.8793005003906724,,
490,Slottsbreen,G017200E78100N,0,0.8754062116312307,,
491,Hettebreen,G017156E78114N,0,0.9615116877583845,,
492,,G016980E78123N,1,0.6781341603431528,,
493,Tronisen,G016988E78113N,0,0.9350173394756682,,
494,Bergmesterbreen,G016872E78091N,0,0.9948350112182702,,
495,,G016767E78080N,0,0.5449135564176587,,
496,,G016713E78079N,0,0.8926050545271403,,
497,Arebreen,G016637E78081N,0,0.9338731404083175,,
498,Kokbreen - Rugaasfonna,G016516E78085N,0,0.9119367072848888,,
499,Kokbreen - Rugaasfonna,G016312E78068N,0,0.9666814341674058,,
500,,G016178E78058N,0,0.9712254468547584,,
501,Plogbreen,G016168E78070N,0,0.8791698730622046,,
502,Plogbreen,G016220E78088N,0,0.9391066737876068,,
503,,G016147E78097N,0,0.9492896151785217,,
504,Rieperbreen,G016126E78117N,0,0.9552840107306089,,
505,Foxfonna N,G016162E78140N,0,0.9702955440717087,,
506,Foxbreen,G016219E78110N,0,0.9568413292749243,,
507,Foxbreen,G016320E78110N,0,0.8094417897280561,,
508,Gløttfjellbreen,G016424E78128N,0,0.9872462443135201,,
509,Hallwylbreen,G016377E78145N,0,0.9643644010441307,,
510,Møysalbreen,G016536E78124N,0,0.8478477124308734,,
511,Skoltbreen,G016690E78132N,0,0.7783932892157275,,
512,Drønbreen,G016769E78111N,0,0.9873723098024865,,
513,Lunckebreen,G016801E78025N,0,0.8654337180706392,,
514,Vegbreen W,G016945E78009N,0,0.5706488432256904,,
515,Vegbreen E,G017014E78021N,0,0.9952732703275821,,
516,Glitrebreen,G017094E78025N,0,0.5499068147975658,,
517,Glitrebreen,G017125E78024N,1,0.715265650365384,,
518,Kjeglebreen,G017135E78009N,0,0.7390537968328762,,
519,Kjeglebreen,G017144E77997N,0,0.9880336265391378,,
520,Tinkarpbreen,G017173E77986N,1,0.7173050712061689,,
521,,G017123E77981N,0,0.9609635933842242,,
522,,G016996E77974N,0,0.800941309693908,,
523,Helsingborgbreen,G016981E77962N,0,0.9536393248618564,,
524,Helsingborgbreen,G016919E77975N,0,0.9747438937930971,,
525,Pålsjøbreen,G016969E77987N,0,0.9411318182312725,,
526,Helsingborgbreen,G016821E77964N,0,0.9887444298983569,,
527,Hoganasbreen,G016680E77949N,0,0.9854897229742738,,
528,Varpbreen,G016624E77925N,0,0.9023389709251258,,
529,Ankerbreen,G016431E77952N,0,0.9805892887400665,,
530,Livbreen,G016348E77934N,0,0.9293321371879891,,
531,Cösterbreen,G016236E77930N,0,0.9759470100947466,,
532,,G016261E77912N,0,0.96757052107878,,
533,Urdkollbreen,G016225E77899N,1,0.6501215914062419,,
534,Krokryggbreen,G016186E77888N,0,0.972011737641927,,
535,,G016128E77880N,0,0.9921414521457639,,
536,Greinebreane E,G016095E77894N,0,0.9780473385742117,,
537,Greinebreane E,G016132E77905N,0,0.9670565288002754,,
538,Samuelssonbreen,G016161E77920N,0,0.7660748728729834,,
539,Greinebreane C,G016022E77897N,0,0.700582974062584,,
540,Greinebreane W,G015949E77897N,1,0.6616062677483051,,
541,,G015904E77908N,0,0.718279756531848,,
542,,G015843E77903N,1,0.5439030579747002,,
543,,G015877E77871N,0,0.616459737886585,,
544,,G015697E77990N,0,0.5413017658730565,,
545,Lagsnytbreen,G015646E77996N,0,0.9839176426219544,,
546,Stuttdalsbreen,G015597E78003N,0,0.8349711024689809,,
547,Stuttdalsbreen,G015580E77993N,0,0.9685301925616205,,
548,Hogsnytbreen,G015554E77981N,0,0.9039319385185017,,
549,Brombreen,G015617E78017N,0,0.9857493910471276,,
550,Medalsbreen,G015539E78017N,0,0.8578811764326101,,
551,Medalsbreen,G015498E78019N,1,0.5475149994259216,,
552,,G015461E78025N,0,0.8159525370446229,,
553,,G015559E78054N,0,0.8840570117175458,,
554,,G015582E78055N,0,0.9093766202816471,,
555,Tufsbreen,G015639E78050N,0,0.9725638991904632,,
556,Tillbergfonna,G015778E78059N,0,0.7083971266769711,,
557,,G015804E78056N,0,0.8729665910708053,,
558,Tillbergfonna,G015742E78074N,0,0.9740914791060877,,
559,,G015743E78087N,0,0.6637611661754094,,
560,Bødalsbreen,G015712E78088N,1,0.5515902244202255,,
561,Bødalsbreen,G015654E78088N,0,0.7509537889465152,,
562,Svendsenbreen,G015714E78112N,0,0.9343576922780603,,
563,Sore Bayfjellbreen,G015741E78127N,0,0.9709311346854465,,
564,Nordre Bayfjellbreen,G015695E78140N,0,0.9712367407090354,,
565,Bogerbreen,G015633E78130N,0,0.6205234608055296,,
566,,G015748E78150N,0,0.5379955799216382,,
567,Larsbreen,G015551E78172N,0,0.9858746243442225,,
568,Longyearbreen,G015474E78170N,0,0.9181295173295597,,
569,Platabreen,G015453E78188N,0,0.984452563256875,,
570,Dryadebreen,G015430E78149N,0,0.7108930335145832,,
571,Habergbreen,G015329E78138N,0,0.9865416140509954,,
572,Grumantbreen,G015215E78143N,0,0.8288309211710159,,
573,,G015292E78050N,0,0.8916850545271403,,
574,,G015226E78032N,1,0.5566811335111348,,
575,,G014987E78034N,0,0.5327063739378002,,
576,Passfjellbreen,G014953E78012N,0,0.9400961790705249,,
577,Passfjellbreen,G015001E78014N,0,0.9710763613255647,,
578,Passfjellbreen W,G014895E78015N,1,0.5483418959530031,,
579,Stolleybreen,G014732E78018N,1,0.6366233947929135,,
580,Irabreen,G014700E78020N,0,0.6902232216535438,,
581,Haggbreen,G014714E78031N,1,0.7184845727334064,,
582,Paxbreen,G014665E78038N,1,0.6597953597326467,,
583,Gullstranbreen,G014642E77960N,0,0.765812936548426,,
584,Lacmannbreen,G014718E77948N,1,0.5721828311065582,,
585,,G014764E77938N,0,0.9525398514641372,,
586,Jamdalsbreen,G014707E77937N,0,0.9331857584996902,,
587,Snosalbreen,G014732E77923N,0,0.9126391607349934,,
588,Gleditschfonna,G014692E77911N,0,0.944908115239006,,
589,Gleditschfonna,G014692E77899N,1,0.5459140651352556,,
590,Gleditschfonna,G014642E77905N,0,0.9244384062442969,,
591,Gleditschfonna,G014628E77902N,1,0.6937217353885065,,
592,Janssonbreen,G014474E77889N,1,0.6951370644857211,,
593,Austre Gronfjordbreen,G014342E77910N,1,0.8010236970402497,0,0
594,Vestre Gronfjordbreen,G014257E77913N,1,0.5432636938249475,0,0
595,Dahlfonna,G014140E77907N,0,0.9282522382510818,,
596,Dahlfonna,G014055E77902N,0,0.9322194423903373,,
597,Erdmannbreen,G014123E77878N,0,0.7058017366059869,,
598,Fridtjovbreen,G014442E77835N,0,0.9630830879274848,,
599,Nordre Aurdalsbre,G014461E77874N,0,0.9634947589276359,,
600,Flygarfonna,G014603E77879N,1,0.5537330912580108,,
601,,G014616E77884N,0,0.532736680582319,,
602,Folkvard Buggebre,G014646E77872N,1,0.8574570660171587,,
603,Baalsrudbreen,G014601E77917N,0,0.8961852678679291,,
604,Skavlefjellbreen,G014886E77955N,0,0.7022728232930906,,
605,Eggbreen,G014851E77963N,1,0.5396035266817341,,
606,Tungebreen,G014961E77957N,1,0.7147753897582743,,
607,Tavlebreen,G015092E77958N,0,0.9344842676492375,,
608,Tavlebreen,G015170E77963N,1,0.5645332513871774,,
609,,G015243E77962N,0,0.5495538736210952,,
610,,G015080E77937N,0,0.5513978677751272,,
611,,G015059E77927N,0,0.961216687966588,,
612,Kalvdalsbreen,G015076E77917N,0,0.5592325028242688,,
613,Kalvdalsbreen,G015146E77910N,0,0.7220455238372526,,
614,Rypefjellbreen,G015149E77898N,0,0.9695877321178215,,
615,,G015159E77887N,0,0.7406018633384106,,
616,,G015168E77877N,0,0.9928462140505256,,
617,Vassdalsbreen,G014989E77903N,1,0.6694094429309353,,
618,,G014938E77905N,0,0.9742023392605983,,
619,Snokampbreen,G014910E77897N,0,0.6415874230669018,,
620,Marstranderbreen,G014983E77927N,0,0.7984028778047185,,
621,Stenehjembreen,G014948E77841N,0,0.7805207961295053,,
622,Stenehjembreen,G014975E77829N,0,0.9915714521457639,,
623,Kolfjellbreen,G014955E77822N,0,0.9684540182833301,,
624,Kolfjellbreen,G014961E77814N,0,0.931181233548835,,
625,Iskollbreen,G014919E77826N,1,0.7207920454308494,,
626,Sagabreen,G014407E77778N,0,0.7518320087563621,,
627,,G014333E77788N,0,0.9471645396010533,,
628,,G014110E77926N,0,0.7682380632297765,,
629,Grønfjordbreane,G014108E77952N,1,0.6957667693086576,,
630,Aldegondabreen,G014053E77968N,1,0.6775332801180634,,
631,,G014030E77986N,0,0.9889826802159393,,
632,Heftyebreen,G013986E78002N,1,0.651733751720253,,
633,Voringbreen,G013955E78040N,1,0.5713039852732275,,
634,Vardebreen,G013899E78066N,1,0.5436213509278522,,
635,Solfonna,G013807E77981N,1,0.914158196835085,,
636,Linnebreen,G013869E77959N,0,0.9574596789871048,,
637,Linnebreen,G013901E77958N,0,0.5997934270268453,,
638,Midterhukbreen,G014872E77656N,0,0.9864504667376222,,
639,,G015078E77654N,0,0.8434754584525208,,
640,Berrklettbreen,G015143E77656N,1,0.5947643937895706,,
641,Berrklettbreen,G015124E77646N,0,0.9406613320857986,,
642,Berrklettbreen,G015146E77631N,1,0.6367156744595777,,
643,Kolkbreen,G015174E77666N,1,0.5450761395130211,,
644,Nipilbreen,G015298E77680N,1,0.5563503808947338,,
645,Synshovbreen,G015393E77681N,0,0.9331857584996902,,
646,Frysjabreen,G015562E77667N,0,0.9848651919129283,,
647,Skarvisen,G015698E77679N,0,0.755993928444223,,
648,Skarvisen,G015682E77689N,0,0.6661829718555584,,
649,Kryllbreen,G015686E77707N,0,0.8028095864685666,,
650,Leineggbreen,G015604E77720N,0,0.6723297394508722,,
651,,G015546E77725N,1,0.7235885362511806,,
652,Instebreen,G015373E77664N,0,0.9223065436513382,,
653,Richterbreen,G015538E77644N,0,0.9795886073773378,,
654,Richterbreen,G015495E77630N,1,0.6068372571488811,,
655,Carpentierbreen,G015553E77613N,0,0.8403622655776699,,
656,Venetzbreen,G015555E77608N,1,0.5548127765970762,,
657,Venetzbreen,G015565E77601N,0,0.85354949024241,,
658,Venetzbreen,G015590E77595N,0,0.928180658903693,,
659,,G015508E77603N,0,0.7960275178835567,,
660,Martinbreen,G015600E77634N,1,0.574717538501838,,
661,Martinbreen,G015677E77648N,0,0.6180651134973247,,
662,Mjellfonna,G015779E77638N,1,0.5510914293379482,,
663,Greenbreen,G015773E77656N,0,0.6692525449982342,,
664,Høeg-Omdalbreen,G015902E77653N,0,0.9747144211297499,,
665,Kvitskarvbreen,G015984E77668N,0,0.9833063034895237,,
666,Kvitskarvbreen,G016046E77657N,1,0.5509472049397062,,
667,Kvitskarvbreen,G016200E77661N,0,0.9239519223660437,,
668,Kvitskarvbreen,G016201E77702N,0,0.5467374480980857,,
669,Løyndbreen,G016126E77712N,0,0.9825401266985164,,
670,Langlibreen,G016200E77723N,0,0.9865902992298036,,
671,Rånebreen,G016239E77752N,0,0.9710844906767203,,
672,Vengebreen,G016319E77733N,0,0.8734583154951243,,
673,Snøkuvbreen,G016340E77705N,0,0.9916504904274946,,
674,Svalbreen,G016477E77693N,0,0.8681685686600187,,
675,Svalbreen,G016528E77664N,0,0.9940496592164709,,
676,Svalbreen,G016718E77709N,0,0.7769763988522728,,
677,Scheelebreen,G016964E77694N,1,0.7843724477314634,1,1
678,Scheelebreen,G017023E77710N,1,0.5615160518904048,,
679,Scheelebreen,G017074E77715N,1,0.6449490774006394,,
680,Peisbreen,G017117E77736N,1,0.6138610611726529,,
681,,G017164E77716N,0,0.991666690241002,,
682,Skobreen,G017183E77703N,0,0.9662830189893157,,
683,,G017440E77719N,0,0.9950232703275821,,
684,Paulabreen,G017399E77693N,0,0.6337103119092751,,
685,Morsjnevbreen / Strongbreen,G017697E77678N,1,0.945157972583932,1,1
686,,G017789E77618N,0,0.9785979718640748,,
687,Indrebreen,G017944E77626N,0,0.814247612919601,,
688,Thomsonbreen,G018203E77618N,0,0.9774475890139396,,
689,Thomsonbreen,G018257E77610N,1,0.563816061051861,,
690,,G018188E77559N,0,0.5480027743935253,,
691,Kvalbreen,G018031E77579N,1,0.8837212129036356,1,1
692,,G017786E77582N,0,0.9828586844419048,,
693,Nuddbreen / Strongbreen,G017511E77535N,0,0.6763610434054038,,
694,Nuddbreen / Strongbreen,G017462E77539N,0,0.9751207961829709,,
695,Perseibreen,G017453E77522N,0,0.851872980955503,,
696,Perseibreen,G017400E77460N,0,0.9608472448637905,,
697,,G017426E77433N,1,0.6638473200499411,,
698,,G017474E77433N,1,0.5827804091196553,,
699,Spelbreen,G017284E77446N,0,0.8818256803191747,,
700,Jemelianovbreen,G017121E77367N,0,0.8448116996410338,,
701,Anne Margrethebreen,G017278E77343N,0,0.9826665176561857,,
702,,G017360E77324N,0,0.7826853899695703,,
703,Bellingbreen,G017262E77313N,0,0.5343853226613154,,
704,Skimebreen,G017184E77298N,0,0.9625346592257713,,
705,Davisbreen,G017122E77256N,0,0.8911663869648342,,
706,Crollbreen,G017180E77206N,1,0.5877166488011325,0,1
707,Crollbreen,G017301E77193N,0,0.5545027743935254,,
708,Crollbreen,G017323E77188N,0,0.9551722484501083,,
709,Markhambreen,G017096E77164N,1,0.9520721500731094,1,1
710,Staupbreen,G017213E77084N,0,0.7296777024978705,,
711,Hambergbreen,G017010E76975N,0,0.636649152801636,,
712,Kambreen,G017161E77000N,0,0.9798682589577574,,
713,Barbarabreen,G017218E76952N,0,0.9113906015067004,,
714,Tromsøbreen,G017065E76935N,1,0.586777496653269,,
715,Vasilievbreen,G016898E76901N,1,0.810141654535982,0,0
716,Svalisbreen,G016777E76955N,1,0.9335112514945638,1,1
717,Mendelejevbreen,G016685E76964N,0,0.947493972916852,,
718,Mendelejevbreen,G016557E76915N,1,0.6620641986445073,0,0
719,Mendelejevbreen,G016493E76955N,1,0.6828649984098796,,
720,Mendelejevbreen,G016427E76966N,0,0.9103939728242121,,
721,Chomjakovbreen,G016435E76929N,1,0.5445875193685676,0,0
722,Samarinbreen East,G016395E76920N,1,0.7165218695845139,,
723,Samarinbreen West,G016221E76879N,0,0.8484875565943139,,
724,Eggbreen,G016177E76932N,0,0.9805291423783989,,
725,Petersbreen,G016155E76949N,0,0.9068525760933834,,
726,Körberbreen,G016050E76938N,0,0.8310876965006242,,
727,,G015995E76940N,0,0.9399521196492427,,
728,Gåsbreen,G015992E76925N,1,0.6974873890588815,,
729,Gåsbreen,G016039E76906N,0,0.9838829458868755,,
730,Goesbreen,G016011E76897N,1,0.6376233947929135,,
731,Goesbreen,G015993E76890N,0,0.7956449445575713,,
732,Goesbreen,G015938E76891N,0,0.5390604885390351,,
733,Gråkallbreen,G015963E76869N,1,0.7019753634382008,,
734,Weiderbreen,G015987E76835N,1,0.5586230618645718,,
735,Bungebreen,G016163E76838N,0,0.5531582689908291,,
736,Bungebreen,G016200E76799N,1,0.6963910414185738,,
737,Bungebreen,G016197E76787N,0,0.5492615463233499,,
738,Vitkovskibreen,G016292E76781N,0,0.9496164584125667,,
739,Olsokbreen,G016482E76791N,1,0.7847128496807064,0,2
740,Vasilievbreen,G016757E76881N,0,0.6202777436691734,,
741,Randbreen,G017021E76720N,0,0.9649166048600719,,
742,,G017035E76704N,1,0.5357223115607872,,
743,Svartkuvbreen,G016877E76683N,0,0.5458435572223518,,
744,Svartkuvbreen,G016919E76674N,1,0.5751920246102886,,
745,Keilhaubreen,G016904E76658N,1,0.8972841812680354,,
746,Keilhaubreen,G016904E76635N,0,0.86347078008173,,
747,Mathiasbreen,G016784E76638N,0,0.5287127595711115,,
748,Lyngebreen,G016693E76620N,0,0.8831883102944473,,
749,Bjelopolskibreen,G016708E76658N,0,0.93169044825438,,
750,Samarinbreen East,G016383E76859N,0,0.8469996811897815,,
751,Hyrnebreen,G016184E77044N,0,0.9701150965230646,,
752,Wibebreen,G016136E77068N,0,0.9643635184967387,,
753,,G016095E77051N,1,0.6229307987924227,,
754,Lorchbreen,G016109E77039N,0,0.9781761890766841,,
755,Mülbacherbreen,G015932E77077N,1,0.5700561950437603,,
756,Paierlbreen,G015881E77080N,0,0.5498856131191272,,
757,Paierlbreen,G015887E77076N,1,0.561407211048721,,
758,Paierlbreen,G015897E77068N,1,0.5544328276612112,,
759,Paierlbreen,G015862E77085N,0,0.5442609073301545,,
760,Paierlbreen,G015743E77081N,1,0.7470637935126272,,
761,Hansbreen,G015592E77097N,1,0.6835120340775029,0,0
762,Sofiebreen,G015779E77044N,0,0.9893462140505257,,
763,,G015367E77052N,1,0.5921525290530825,,
764,Werenskioldbreen,G015442E77070N,0,0.9709359346927989,,
765,,G015285E77115N,1,0.5504390101101517,,
766,Nannbreen,G015353E77134N,0,0.9578836360561189,,
767,Austre Torellbreen,G015264E77154N,0,0.981306657396415,,
768,Austre Torellbreen,G015269E77165N,1,0.5475902244202256,,
769,Raudfjellbreen,G015112E77214N,0,0.9274585327937099,,
770,Vestre Torrellbreen,G015026E77342N,0,0.9784492781436225,,
771,,G014651E77324N,1,0.5776724010702579,,
772,Libreen,G014643E77345N,0,0.5495538736210952,,
773,Dunderdalsbreen,G014723E77368N,0,0.5355770571149228,,
774,,G014645E77430N,0,0.5791830082785041,,
775,Crammerbreane S,G014441E77439N,0,0.7678494029285843,,
776,Dolterbreen,G014370E77462N,0,0.940367090693212,,
777,Crammerbreane N,G014397E77469N,0,0.8926518388485576,,
778,,G014395E77480N,0,0.7223516551397762,,
779,,G014202E77490N,0,0.9790199135778803,,
780,Austre Lognedalsbre,G014159E77485N,0,0.6744275751828052,,
781,Vestre Lognedalsbre,G014120E77485N,0,0.9231172547811864,,
782,,G014200E77504N,0,0.8304503999974775,,
783,Ringarbreane,G014195E77520N,0,0.5423213717229325,,
784,Ringarbreane,G014162E77518N,0,0.7935364095382369,,
785,Blomlibreen,G014301E77543N,0,0.9944152076987762,,
786,Scottbreen,G014350E77542N,1,0.7091643444465892,,
787,Renardbreen,G014308E77502N,0,0.912617874233973,,
788,,G014483E77422N,1,0.7732680715865466,,
789,,G014338E77371N,0,0.7745138485073333,,
790,,G014418E77362N,0,0.8003621815121482,,
791,Saksbreen,G014471E77366N,1,0.5451276193782089,,
792,Recherchebreen,G015037E77377N,1,0.8607183888391295,1,1
793,Antoniabreen,G015003E77469N,0,0.8196576599467573,,
794,Hessbreen,G015102E77507N,0,0.7303474936328745,,
795,Blumckebreane,G015045E77527N,0,0.9706521860841679,,
796,Finsterwalderbreen,G015235E77463N,0,0.9925972461372963,,
797,Finsterwalderbreen,G015337E77464N,0,0.9371979351948785,,
798,Finsterwalderbreen,G015387E77480N,0,0.9912557331620185,,
799,,G015437E77470N,1,0.6362126080707491,,
800,,G015432E77461N,0,0.9797270520186384,,
801,Märjelbreen,G015452E77447N,0,0.8801662870133649,,
802,Sveitsarfonna,G015502E77425N,1,0.9493054834064427,0,1
803,Penckbreen,G015616E77394N,1,0.9489507199810138,1,1
804,Hassingerbreen,G015787E77452N,0,0.9853923984689624,,
805,Sotryggfonna,G015909E77443N,0,0.7494174477539952,,
806,Tvillingbreane,G015904E77434N,0,0.8223098637404807,,
807,,G016002E77418N,0,0.9763045549113045,,
808,Aurkollfonna,G015979E77404N,0,0.9824275847488506,,
809,Aurkollfonna,G016006E77397N,1,0.5454978606193093,,
810,Langryggbreen,G015914E77388N,0,0.9873117941804634,,
811,Zawadzkibreen,G015857E77338N,1,0.7468794875218658,0,1
812,Zawadzkibreen,G016086E77348N,0,0.9834097958691771,,
813,,G016176E77325N,0,0.9867256234472098,,
814,Polakkbreen,G016187E77275N,1,0.9529375346884941,0,1
815,,G016566E77367N,0,0.938074341871465,,
816,,G016561E77390N,1,0.6749304072692287,0,1
817,Liestølbreen,G016568E77408N,0,0.6464389694813957,,
818,Liestølbreen,G016598E77418N,0,0.7623738773619982,,
819,Liestølbreen,G016652E77403N,0,0.9038799061152553,,
820,Liestølbreen,G016805E77408N,1,0.5535902244202257,,
821,Liestølbreen,G016915E77433N,1,0.8294582220041988,1,1
822,,G016442E77410N,0,0.7702407510680024,,
823,Dobrowolskibreen,G016634E77343N,1,0.6266132451570819,0,1
824,Nathorstbreen,G016633E77290N,1,0.950687534688494,1,1
825,Nuddbreen / Strongbreen,G017333E77537N,0,0.8482416351842319,,
826,Doktorbreen,G016885E77574N,1,0.6138388560716016,0,1
827,Doktorbreen,G016434E77540N,0,0.9706129197301061,,
828,Storvolbreen,G016247E77533N,0,0.5467475621983511,,
829,,G016283E77552N,0,0.6683233897481429,,
830,,G016200E77552N,1,0.6659090407259278,,
831,,G016326E77566N,0,0.9221987168627758,,
832,Steenstrupbreen,G016290E77607N,0,0.9811025190786982,,
833,Sysselmanbreen,G016154E77606N,0,0.6856487655970444,,
834,Sysselmanbreen,G016127E77633N,0,0.9846985650868522,,
835,Ringbreen,G015912E77602N,0,0.8062973839826114,,
836,Reidbreen,G015850E77619N,0,0.8025721248555081,,
837,Reidbreen,G015784E77612N,0,0.7237884686530602,,
838,,G015951E77677N,0,0.7234911615963917,,
839,,G016061E77733N,0,0.8149570212319457,,
840,Bessemerbreen,G016601E77774N,0,0.7901955594080226,,
841,,G016668E77781N,0,0.955443290249181,,
842,Elektrobreen,G016716E77776N,0,0.9898249771347067,,
843,,G016693E77762N,0,0.9636777435160722,,
844,Nobelbreen,G016705E77734N,0,0.8596060360024529,,
845,Hettebreen,G016798E77743N,1,0.6972266413762251,,
846,Høgbreen,G016839E77752N,0,0.8123550133605028,,
847,,G016927E77742N,0,0.5726080309339909,,
848,,G016929E77746N,1,0.6046407926574728,,
849,,G016942E77757N,1,0.7554701982927176,,
850,,G017237E77792N,1,0.5919489740080711,,
851,Ragna-Mariebreen,G017374E77800N,0,0.6183658805272272,,
852,,G017377E77768N,0,0.9040956098286917,,
853,Bakaninbreen,G017525E77773N,0,0.9765626486158709,,
854,Mettebreen,G017270E77822N,0,0.8736365563586421,,
855,Vallåkrabreen,G017195E77830N,0,0.9265480939250372,,
856,,G017161E77821N,0,0.7216392485104578,,
857,,G017109E77824N,1,0.5520156630167168,,
858,Bjartfonna S,G017036E77853N,0,0.5442696021657321,,
859,Stabbarpbreen,G016974E77864N,0,0.9845397950875314,,
860,Bjartfonna S,G016940E77851N,0,0.9515833063433379,,
861,,G016972E77878N,0,0.982196875426187,,
862,Bosarpbreen,G017053E77880N,0,0.9866518747692228,,
863,Bosarpbreen,G017115E77893N,0,0.877589853061939,,
864,Billesholmbreen,G017148E77901N,0,0.9621868240837672,,
865,Bjuvbreen,G017215E77906N,1,0.7586789382178986,,
866,Hyllingebreen,G017290E77908N,1,0.5545080292522815,,
867,Hyllingebreen,G017348E77913N,0,0.865817466926503,,
868,Kroppbreen,G017401E77894N,0,0.9754591552355135,,
869,Edvardbreen,G017581E77914N,1,0.5578806153685036,,
870,Edvardbreen,G017549E77872N,0,0.8745159736602179,,
871,Nordsysselbreen,G017769E77848N,0,0.9331116433755862,,
872,Inglefieldbreen,G017911E77804N,0,0.9120951794562379,,
873,Arnesenbreen,G018098E77802N,1,0.9511732489742084,1,1
874,Beresnikovbreen,G018243E77797N,0,0.9780193263315862,,
875,Bratthengbreen,G018363E77756N,0,0.7199686294217301,,
876,Ingerbreen,G018231E77758N,0,0.6485030525665494,,
877,,G018342E77736N,0,0.6800140686027211,,
878,Richardsbreen,G018165E77701N,0,0.858061123990162,,
879,Innifonna,G018079E77679N,1,0.563224262545823,0,0
880,Richardsbreen,G017893E77712N,0,0.6775847527390679,,
881,Sørbullbreen,G017818E77933N,0,0.9093198729454495,,
882,Andrinebreen S,G017953E77933N,0,0.6903276144706634,,
883,Andrinebreen,G018010E77975N,0,0.9084074712791871,,
884,,G017811E77977N,1,0.6194959094127966,,
885,Brorbreen S,G017829E77994N,0,0.9740024916766951,,
886,Brorbreen N,G017826E78010N,0,0.9793127055104419,,
887,Passbreen,G017960E78014N,0,0.6059210034381782,,
888,Bjarmebreen,G018110E78005N,0,0.7025763482610269,,
889,Rurikbreen,G018209E78004N,0,0.9476757839950232,,
890,,G018287E78003N,0,0.5413686635713775,,
891,Baltbreen,G018285E77992N,0,0.9007896478851585,,
892,,G018293E77965N,0,0.5339137143205719,,
893,,G018327E77960N,1,0.6121501420222922,,
894,Åbreen,G018160E77985N,0,0.6795924679178696,,
895,,G017964E78067N,1,0.7234342139706975,,
896,,G017881E78066N,0,0.9526737695900271,,
897,Sveigbreen,G017687E78107N,1,0.6421111802101107,0,0
898,,G017953E78130N,1,0.6504251906043892,,
899,Skruisbreen,G017834E78139N,0,0.939151122801905,,
900,Skruisbreen,G017731E78159N,1,0.6798262238352163,0,2
901,Marmobreen,G017763E78180N,0,0.962784786678254,,
902,,G017748E78198N,0,0.7398379095987737,,
903,,G017604E78217N,0,0.846756165147686,,
904,Hellefonna N,G017651E78202N,0,0.9330388958471134,,
905,Hellefonna NW,G017572E78182N,0,0.7058811295232015,,
906,Hellefonna W,G017529E78173N,0,0.9800931473105156,,
907,Jinnbreen,G017562E78141N,0,0.994495333756394,,
908,Innerbreen,G017445E78115N,0,0.9933432818949619,,
909,Oppdalsbreen,G017474E78090N,0,0.9883247854790973,,
910,Såtebreen,G017491E78063N,0,0.9790114043169156,,
911,,G017465E78048N,0,0.7452465197115945,,
912,,G017442E78040N,0,0.8972013609914535,,
913,U/Storknausen E,G017421E78021N,0,0.9529442931387336,,
914,U/Storknausen S,G017435E78009N,1,0.6495557595147087,,
915,U/Storknausen W,G017359E78022N,0,0.8579109794547278,,
916,U/Slottsmøya,G017357E78039N,0,0.7247063851332387,,
917,Skutbreen,G017558E78047N,0,0.9872197203647974,,
918,,G017653E78044N,1,0.5983539021382016,,
919,,G017668E78050N,0,0.7644286443489967,,
920,Vråbreen,G017693E78066N,0,0.5480027743935253,,
921,,G017572E78019N,0,0.9247812241476412,,
922,,G017117E78046N,0,0.9655311130034077,,
923,,G017080E78045N,0,0.9410974738962702,,
924,Vegbreen E,G017038E78036N,0,0.97107052107878,,
925,Marthabreen,G016778E78001N,0,0.9852825944010035,,
926,,G016617E78014N,0,0.9316686400923764,,
927,,G016537E78017N,0,0.9889355490633515,,
928,,G016470E78010N,0,0.9837040662086874,,
929,Slakbreen,G016584E77967N,0,0.8024567050193318,,
930,Gibsonbreen,G015969E78068N,0,0.97420772694674,,
931,Ayerbreen,G015993E78077N,0,0.9296138446264622,,
932,Ayerbreen,G015958E78082N,0,0.9728927097799988,,
933,Scott Turnerbreen,G015894E78097N,0,0.8666812565114306,,
934,Altbreen,G016115E78232N,0,0.959826863766307,,
935,Blekumbreen,G016068E78246N,0,0.9829559553970704,,
936,Tellbreen,G016186E78253N,0,0.8278068827315961,,
937,Mälarbreen,G016050E78266N,0,0.920393056968169,,
938,Brandtbreen,G015996E78284N,0,0.9707527616695734,,
939,Knorringbreen,G016053E78300N,0,0.8909246743556544,,
940,,G016103E78311N,1,0.6642643923520741,,
941,Blackbreen,G016111E78287N,0,0.9692101809942404,,
942,Fangenbreen,G016185E78267N,0,0.946879449043102,,
943,,G016215E78238N,0,0.7777828908255685,,
944,,G016225E78224N,0,0.920950988791796,,
945,,G016282E78222N,0,0.7632645958841023,,
946,,G015842E78267N,0,0.7685438713042446,,
947,,G015882E78533N,0,0.8031202234701903,,
948,Frostisen,G015689E78547N,1,0.6423865774006396,0,0
949,,G015717E78701N,0,0.9919414521457638,,
950,Elsabreen,G016362E78685N,0,0.7931446840945624,,
951,Sophusbreen,G015661E78857N,0,0.8183917267643601,,
952,Fyrisbreen,G015551E78953N,0,0.7996502173111673,,
953,Hodsbreen,G015533E78986N,0,0.7835566119309654,,
954,,G015548E79006N,1,0.586050614888505,,
955,,G015835E79029N,0,0.931883901581433,,
956,,G016435E79072N,0,0.972623266578894,,
957,,G016460E79061N,1,0.6669139342729268,,
958,,G016532E79055N,0,0.931974386657858,,
959,,G016571E79056N,0,0.9738074185323186,,
960,Sanderbreen,G016549E79082N,0,0.9953685084228201,,
961,Pagetbreen,G016566E79095N,0,0.7998257416518192,,
962,Smutsbreen,G016747E79074N,0,0.9929414521457638,,
963,Smutsbreen,G016683E79023N,0,0.9814652198984788,,
964,,G016568E78989N,0,0.8275836719036309,,
965,,G016520E79003N,0,0.9391942997172956,,
966,Eskolabreen,G016707E78910N,0,0.8776881928066157,,
967,Mittag-Lefflerbreen,G017025E78797N,0,0.9874673318374801,,
968,Stubendorffbreen,G017040E78981N,0,0.831416947873579,,
969,Hinlopenbreen,G018391E78924N,0,0.6917722887251524,,
970,Oslobreen,G018173E79037N,0,0.9108691546123303,,
971,Chydeniusbreen,G017693E79137N,0,0.6158121044728996,,
972,Polarisbreen,G018300E79165N,0,0.821479319779195,,
973,Chydeniusbreen,G017983E79227N,1,0.568187452257076,,
974,Kantbreen,G017730E79297N,0,0.943813681158581,,
975,,G017630E79323N,1,0.5482752292863364,,
976,,G017585E79333N,0,0.9166220827109892,,
977,,G017537E79315N,0,0.9387127332559091,,
978,,G017417E79265N,0,0.6203695267938804,,
979,Veteranbreen,G017317E79157N,0,0.8728343512099517,,
980,Reinbuktbreen,G016823E79194N,0,0.9543001590407897,,
981,,G016556E79184N,1,0.5855685900093588,,
982,Planckbreen,G016477E79169N,0,0.9131958878604738,,
983,,G016356E79165N,1,0.6042622941441244,,
984,Schrödingerbreen,G016394E79140N,0,0.8008816511823934,,
985,,G016413E79125N,0,0.8140997868326447,,
986,,G016542E79140N,0,0.9822216436221387,,
987,Tryggvebreen,G016733E79123N,0,0.9578175647998055,,
988,,G016782E79226N,0,0.7378097865341401,,
989,,G016618E79226N,0,0.7874105048217005,,
990,,G016482E79234N,1,0.6866687214796443,,
991,Cookbreen,G016439E79242N,0,0.8393739546849046,,
992,Cookbreen,G016598E79263N,1,0.7741422376669712,0,1
993,,G016398E79291N,0,0.8878134667816425,,
994,Ringhornbreen,G016639E79309N,0,0.6620853790707187,,
995,Muspellvidda SW,G016337E79380N,0,0.9689912251841566,,
996,,G016199E79421N,0,0.8734062818451884,,
997,,G016166E79453N,0,0.9580915859885291,,
998,Sørbreen,G016380E79457N,0,0.9760366248815247,,
999,Midtbreen,G016346E79525N,1,0.5350583759185323,1,1
1000,Gullfaksebreen,G016995E79547N,0,0.962050828494004,,
1001,Nordbreen,G016387E79647N,0,0.9609155617982434,,
1002,Fenrisulvbreen,G016159E79584N,0,0.9357691546123303,,
1003,,G016149E79664N,0,0.9458905110336868,,
1004,Åsgardfonna NW,G016364E79743N,1,0.6851523621110849,0,2
1005,Tåbreen,G016493E79791N,0,0.7723889658278724,,
1006,Dunerbreen,G016909E79728N,0,0.8945739625855007,,
1007,Kluftbreen,G017153E79795N,0,0.936212733255909,,
1008,,G017212E79815N,0,0.9616349997954503,,
1009,,G017228E79847N,0,0.9519491899175081,,
1010,Reinbogbreen,G017199E79873N,0,0.9803900746822494,,
1011,,G017146E79886N,0,0.9268719037735252,,
1012,,G017011E79881N,1,0.5557799911910983,,
1013,,G017023E79898N,1,0.6107677947975818,,
1014,Valhallfonna E,G017367E79747N,0,0.9721111346854464,,
1015,,G017646E79634N,0,0.5499457181009516,,
1016,Rimfaksebreen,G017326E79631N,0,0.9592018629767629,,
1017,,G017379E79579N,1,0.7001708679442906,,
1018,,G017703E79470N,0,0.7319629611373146,,
1019,,G017691E79460N,0,0.9770366248815249,,
1020,Bivrastfonna,G017629E79454N,0,0.9222950126925442,,
1021,,G017526E79446N,0,0.9338373364305121,,
1022,,G017177E79449N,0,0.7597867030775104,,
1023,,G017141E79436N,1,0.728660063836118,,
1024,,G017247E79374N,0,0.9709527616695734,,
1025,Skinfaksebreen,G017048E79443N,0,0.9452373364305121,,
1026,Kantbreen,G017933E79348N,0,0.660200740589059,,
1027,Glintbreen,G018104E79356N,0,0.9705309660035535,,
1028,Kosterbreen,G018556E79343N,0,0.8876336035900133,,
1029,Sven Ludvigbreen,G018645E79398N,0,0.9227362700101438,,
1030,Hødbreen,G018760E79354N,0,0.9178784988023512,,
1031,,G018761E79334N,0,0.7623453361334185,,
1032,Kosterbreen,G018690E79304N,0,0.5495538736210952,,
1033,Balderfonna East,G018599E79293N,0,0.7618586244046015,,
1034,,G018743E79228N,0,0.9386700000494544,,
1035,Lodderbreen,G018748E79217N,0,0.9825037308815331,,
1036,Lodderbreen,G018757E79199N,0,0.9927511766318041,,
1037,,G018718E79158N,0,0.9940480437997238,,
1038,,G018737E79138N,0,0.9695705210787802,,
1039,,G018793E79057N,1,0.5477645984087722,,
1040,Hinlopenbreen,G018854E78996N,1,0.6335253059117242,,
1041,,G019482E79033N,0,0.8431680128910548,,
1042,Vaigattbreen,G019694E79073N,1,0.6657090407259278,,
1043,Vaigattbreen,G019474E79101N,0,0.7315589211167856,,
1044,,G019251E79117N,0,0.8930924432704102,,
1045,,G019267E79154N,0,0.9701192604958244,,
1046,Roonbreen,G019673E79002N,0,0.9880836579866298,,
1047,Moltkebreen,G019928E78955N,0,0.9685149445216943,,
1048,,G020170E78962N,0,0.9774975872011513,,
1049,,G020417E79040N,0,0.7779492322373146,,
1050,,G020479E79043N,0,0.8792052878007984,,
1051,,G020612E79066N,0,0.8903514970521295,,
1052,,G020487E79078N,1,0.5483149994259218,,
1053,Hockstatterbreen,G019758E78902N,0,0.9089463024508901,,
1054,Sonklarbreen,G020098E78757N,0,0.6689510901549331,,
1055,Ganskijbreen,G020757E78746N,1,0.7556309979966456,1,1
1056,Pedasjenkobreen,G021039E78743N,0,0.9919013987440378,,
1057,,G021239E78734N,0,0.6390602057368783,,
1058,Hannbreen,G021212E78763N,0,0.9720101906852717,,
1059,Koristkabreen,G021140E78801N,0,0.9854636767614131,,
1060,,G020828E78825N,0,0.9816761890766841,,
1061,Helge Backlundbreen,G019913E78658N,0,0.9503031149078378,,
1062,Gardebreen,G019501E78686N,0,0.9820011376948429,,
1063,Johansenbreen,G018607E78547N,0,0.9211840507399266,,
1064,Petermannbreen,G018419E78498N,0,0.5705224858918344,,
1065,,G018888E78469N,0,0.9650645537170343,,
1066,,G018897E78464N,0,0.9192285809041574,,
1067,,G018895E78457N,0,0.9689675799023094,,
1068,,G018903E78444N,0,0.8068738721828522,,
1069,Heuglinbreen,G018850E78406N,0,0.8899043786237039,,
1070,,G018642E78317N,1,0.6423936873658377,,
1071,,G018704E78312N,0,0.7643445231471215,,
1072,,G018745E78287N,0,0.5435706618664153,,
1073,,G018784E78230N,1,0.5702913857271856,,
1074,Ulvebreen,G018494E78178N,0,0.911708222214074,,
1075,Isrosa S,G018456E78172N,0,0.9502234683318311,,
1076,,G018361E78146N,0,0.9706521860841679,,
1077,,G018257E78139N,0,0.9780473385742117,,
1078,,G018192E78142N,1,0.5438479666508362,,
1079,Elfenbeinbreen,G018071E78132N,0,0.5428702535867206,,
1080,Veitbreen,G018049E78181N,0,0.9337577842773237,,
1081,,G018025E78196N,1,0.5632617072786992,,
1082,Lumpbreen,G018050E78220N,0,0.8025978957978627,,
1083,Skrottbreen,G018125E78236N,0,0.9807413490890855,,
1084,,G018167E78256N,0,0.9663283628124223,,
1085,Nordmannsfonna NW,G018296E78282N,0,0.963883126339876,,
1086,Usherbreen,G018580E78256N,0,0.9505666930859322,,
1087,Ulvebreen,G018472E78240N,0,0.8631327948434991,,
1088,Elfenbeinbreen,G018199E78191N,1,0.6692765719276695,0,2
1089,,G017904E78243N,1,0.553277546767603,,
1090,Rabotbreen,G018092E78345N,0,0.9651215829836268,,
1091,Hayesbreen W,G018379E78361N,0,0.9569296119354638,,
1092,Hayesbreen S,G018483E78328N,0,0.8720754033352284,,
1093,Hayesbreen,G018374E78415N,0,0.9168401740609511,,
1094,Negribreen,G018042E78675N,1,0.5817188442132514,1,1
1095,,G015001E78833N,0,0.9510461387393144,,
1096,Gufsbreen,G014825E78870N,0,0.7844141226722436,,
1097,Gufsbreen,G014752E78871N,0,0.9761921804370803,,
1098,Bitihornbreen,G014688E78874N,1,0.5455902244202256,,
1099,,G014613E78887N,0,0.6811226496643974,,
1100,Barmfjellbreen,G014669E78937N,0,0.9742794307494733,,
1101,,G014502E78912N,0,0.7817423262166797,,
1102,Orsabreen,G014205E78992N,0,0.990586286351083,,
1103,Morabreen,G014184E78936N,0,0.9833544171640488,,
1104,,G014065E78869N,1,0.558317867059377,,
1105,,G014063E78811N,1,0.6706931835371946,0,0
1106,,G014161E78808N,0,0.8284033694483732,,
1107,,G014237E78797N,1,0.60707821710376,,
1108,,G014298E78788N,1,0.7650886782634119,,
1109,Qvarnstrømbreen,G014276E78775N,0,0.9312354348407021,,
1110,Sefströmbreen,G013819E78747N,0,0.6474681610979077,,
1111,Målarbreen,G014614E78854N,1,0.5997736680486956,,
1112,Battyebreen,G014660E79022N,0,0.9950232703275821,,
1113,Abrahamsenbreen,G014266E79079N,0,0.9810149434798383,,
1114,Seligerbreen,G012117E79519N,0,0.8115953328379243,,
1115,Hóvbreen,G012282E79536N,0,0.8451065203055583,,
1116,Emmabreen,G012186E79547N,1,0.7656598507191571,0,1
1117,Emmabreen,G012274E79567N,0,0.5606770230133533,,
1118,,G012282E79577N,0,0.7101677312368816,,
1119,Idabreen,G012257E79582N,1,0.5486811335111348,,
1120,Idabreen,G012211E79605N,0,0.7398681824602488,,
1121,,G012282E79624N,1,0.6761208869263964,,
1122,Raudfjordbreen,G012362E79628N,0,0.6826234228977764,,
1123,Erikbreen,G012478E79621N,0,0.9735366248815248,,
1124,Hannabreen,G012537E79644N,0,0.9433063840495597,,
1125,,G012376E79642N,0,0.8441709015392197,,
1126,,G012377E79654N,0,0.9435572220176726,,
1127,,G012413E79657N,0,0.7985846305407082,,
1128,Vestre Andréebreen,G012496E79664N,0,0.8506267867651051,,
1129,Austre Andréebreen,G012535E79664N,0,0.9635508284940041,,
1130,Evabreen,G012554E79684N,0,0.6627336551167372,,
1131,Paradisbreen,G012623E79709N,0,0.8055255949939133,,
1132,Serlabreen,G012625E79725N,0,0.834261779550098,,
1133,Arlabreen,G012604E79740N,0,0.6986916047159583,,
1134,,G012541E79743N,0,0.9571622822117364,,
1135,,G012493E79735N,0,0.9167597578549769,,
1136,Kvittoppbreen,G012492E79718N,0,0.8382082639240712,,
1137,Aprbreen,G012465E79710N,0,0.7048105949264023,,
1138,,G012432E79697N,0,0.9520174951606709,,
1139,Hallbreen,G012443E79687N,0,0.9203046644728403,,
1140,Albertbreen,G012719E79656N,0,0.867676225319401,,
1141,,G012921E79744N,0,0.957927101072001,,
1142,Biskayerfonna,G012243E79792N,0,0.9474077969967036,,
1143,,G011838E79776N,0,0.962050828494004,,
1144,Arneliusbreen,G011852E79760N,1,0.6848856733143593,,
1145,,G011887E79753N,0,0.8843037791009023,,
1146,Smithbreen,G011750E79737N,0,0.6976244039085436,,
1147,Fuhrmneisterbreen,G011859E79711N,0,0.7733257560979713,,
1148,,G011923E79718N,1,0.5913872864009977,,
1149,Tindebreen,G011932E79702N,0,0.7939948235378884,,
1150,Sklia,G011872E79690N,0,0.623356183881203,,
1151,Portierbreen,G011927E79683N,0,0.9075342039231102,,
1152,,G011971E79655N,1,0.7277901684537228,,
1153,Chauveaubreen,G011912E79647N,0,0.9775543089900898,,
1154,Raudfjordbreen,G012020E79575N,0,0.9353677088238406,,
1155,Smeerenburgbreen,G011600E79552N,0,0.9306917996443789,,
1156,Borgbreen,G011360E79615N,0,0.8841833446516629,,
1157,Scheibreen,G011293E79592N,0,0.9872975057856106,,
1158,Alkebreen,G011290E79580N,1,0.5883742615731921,,
1159,Buchanbreen,G011125E79583N,0,0.9763905562905986,,
1160,Skarpeggbreen,G011030E79597N,0,0.798542408318486,,
1161,Ystebreen,G010913E79603N,0,0.8469816957223031,,
1162,Knattbreen,G010983E79616N,0,0.812865894856502,,
1163,Kvasspiggbreen,G011068E79618N,0,0.8500293999225755,,
1164,,G011035E79635N,0,0.9745629528672646,,
1165,Brattekleivbreen,G011336E79682N,0,0.5679694576989363,,
1166,Gullmarbreen,G011399E79677N,0,0.9898492299235416,,
1167,Marstrandbreen,G011454E79677N,0,0.9005095586527345,,
1168,Viksbreen,G011514E79658N,0,0.8723475516864582,,
1169,,G011548E79650N,0,0.845305122720527,,
1170,Sellströmbreen,G011468E79705N,0,0.9834782223110302,,
1171,Svitjodbreen,G011686E79700N,0,0.546177779042371,,
1172,,G011586E79768N,0,0.9256199925804431,,
1173,Jarlbreen,G011588E79782N,0,0.9676111346854464,,
1174,Hamiltonbreen,G011663E79770N,1,0.5603701930235172,0,0
1175,Holmiabreen,G011662E79799N,0,0.9300040030971788,,
1176,,G011667E79816N,0,0.8972556152465649,,
1177,,G011711E79820N,1,0.5682079875815323,,
1178,Makarovbreen,G011753E79810N,0,0.9701669401463944,,
1179,,G011784E79804N,0,0.7590761502671002,,
1180,,G011399E79759N,1,0.7335458973739255,,
1181,,G011388E79766N,0,0.806679602178977,,
1182,,G011347E79773N,0,0.96757052107878,,
1183,,G011291E79774N,0,0.6964132170948074,,
1184,,G011245E79770N,0,0.5526864830195799,,
1185,Kennedybreen,G011349E79740N,0,0.9642148344196896,,
1186,,G011232E79735N,1,0.5584457828124295,,
1187,Frambreen,G011342E79722N,0,0.9660716971647876,,
1188,,G010819E79758N,0,0.8202994359599701,,
1189,Gravnesbreen,G011042E79548N,0,0.9825891546192279,,
1190,Gullybreen,G011037E79539N,1,0.5534150178845643,,
1191,Gullybreen,G011045E79525N,0,0.6086201365718334,,
1192,Brokebreen,G011150E79533N,0,0.9304554160443226,,
1193,Waggonwaybreen,G011180E79545N,0,0.974890011690794,,
1194,Waggonwaybreen,G011353E79564N,0,0.7890216018921841,,
1195,Waggonwaybreen,G011332E79555N,0,0.6293383727041801,,
1196,Waggonwaybreen,G011437E79514N,0,0.8402494826418287,,
1197,Lilliehøøkbreen,G011860E79450N,0,0.6392708458100433,,
1198,,G014904E79664N,0,0.9405905110336867,,
1199,,G018211E79592N,1,0.6497184664667391,,
1200,,G018216E79572N,0,0.9410321064963245,,
1201,Odinjøkulen North,G018476E79546N,0,0.991986690241002,,
1202,Frøyabreen,G018226E79541N,0,0.9377611371984133,,
1203,Torsfonna SW,G018299E79485N,0,0.9538450126925442,,
1204,Tommelbreen,G018473E79506N,0,0.9951185084228202,,
1205,,G018714E79467N,1,0.5550961299884732,,
1206,Balderfonna North,G018603E79451N,0,0.9593049225272173,,
1207,Reliktbreen,G018700E79424N,0,0.8268292131924075,,
1208,Balderfonna NW,G018386E79417N,0,0.972749308649351,,
1209,"Glintefonna, -",G020218E79508N,0,0.922128482851362,,
1210,"Glitnefonna, -",G020175E79572N,0,0.982096707529928,,
1211,"Glitnefonna, -",G020060E79600N,0,0.9047706741082756,,
1212,"Glitnefonna, -",G020369E79543N,0,0.8944036297788847,,
1213,"Glitnefonna, -",G020422E79503N,0,0.9180340940216954,,
1214,"Vegafonna, -",G020876E79476N,0,0.8957151133818,,
1215,"Vegafonna, Palanderbreen",G021054E79491N,0,0.8800734744295907,,
1216,"Vegafonna, Ericabreen",G021261E79495N,0,0.9630705009639682,,
1217,"Palanderisen, -",G021278E79612N,0,0.981122262619999,,
1218,"Palanderisen, -",G021925E79522N,0,0.9643635184967387,,
1219,"Palanderisen, -",G021796E79622N,0,0.8193902137908479,,
1220,"Palanderisen, -",G021458E79648N,0,0.7023208219438565,,
1221,Eltonbreen,G021120E79857N,0,0.9621831098109694,,
1222,Aldousbreen,G020879E79901N,0,0.9126888436298112,,
1223,Frazerbreen,G020468E79895N,0,0.9813904747909697,,
1224,Idunbreen,G019951E79875N,0,0.9803050407385154,,
1225,,G019317E79934N,0,0.7236420496309058,,
1226,DeGeerfonna,G019184E80019N,1,0.5819545503403502,,
1227,Søre Franklinbreen,G019797E80009N,0,0.5359005338647367,,
1228,Nordre Franklinbreen,G020321E80038N,0,0.7653344928487361,,
1229,,G020188E80148N,0,0.6722242869417132,,
1230,,G020164E80193N,1,0.7214528981413024,0,2
1231,Lindhagenbreen,G020206E80243N,0,0.8199859800554865,,
1232,,G020105E80258N,0,0.9811116256183754,,
1233,Lindhagenbreen,G020218E80278N,0,0.9761966601744625,,
1234,,G020114E80283N,0,0.9180224390240216,,
1235,,G020211E80334N,0,0.952544028081671,,
1236,Mikkel Revbreen,G020121E80382N,1,0.5650769423079225,,
1237,,G019948E80405N,0,0.9676563877805912,,
1238,,G019800E80430N,1,0.6804759766895743,,
1239,,G019838E80435N,1,0.5458428306833583,,
1240,,G019783E80440N,1,0.6356135013724937,,
1241,,G019745E80453N,0,0.8025946683801191,,
1242,Vågsbreen,G019727E80468N,0,0.9733529324539546,,
1243,,G019601E80426N,0,0.798703512523019,,
1244,,G019654E80421N,1,0.5776208640955067,,
1245,,G019578E80408N,0,0.9906835851933149,,
1246,,G020526E80237N,0,0.9888644264409903,,
1247,Sabinebreen,G020521E80202N,0,0.9670539553576543,,
1248,Maudbreen,G020973E80089N,0,0.98515708016383,,
1249,Rijpbreen,G021366E80020N,0,0.9833513333711995,,
1250,Croftbreen,G021814E80001N,0,0.9662351774829139,,
1251,Amenfonna,G021825E79896N,0,0.9306365248094037,,
1252,Bodleybreen,G021502E79897N,1,0.5587669281445655,0,2
1253,"Austfonna, -",G023229E79872N,1,0.582125107949337,0,2
1254,"Austfonna, -",G023619E79932N,1,0.542680251005169,0,2
1255,"Austfonna, Duvebreen",G024143E79973N,1,0.5896475133529454,0,2
1256,"Austfonna, Schweigaardbreen",G024700E79994N,0,0.9159275335479016,,
1257,"Austfonna, Nilsenbreen",G025164E79993N,1,0.6386435968131156,0,2
1258,"Austfonna, Sexebreen",G025456E80055N,1,0.6056337939454179,0,0
1259,"Austfonna, Leighbreen",G025747E79959N,0,0.8158669882203634,,
1260,"Austfonna, Worsleybreen",G026693E79986N,0,0.962050986369945,,
1261,,G027038E80056N,1,0.544887592519103,,
1262,"Austfonna, -",G026669E79935N,1,0.527446576335112,0,0
1263,"Austfonna, -",G026458E79881N,1,0.9051417232244162,0,1
1264,"Austfonna, -",G026149E79828N,0,0.704097912187311,,
1265,"Austfonna, -",G025297E79771N,0,0.596813978225232,,
1266,"Austfonna, -",G025168E79640N,0,0.5512404400110441,,
1267,"Austfonna, -",G024340E79634N,1,0.9392248255740492,1,1
1268,"Austfonna, Bråsvellbreen",G023559E79453N,0,0.9761961787024775,,
1269,"Austfonna, -",G024396E79406N,1,0.9064032245776177,0,1
1270,"Austfonna, Etonbreen",G022972E79705N,0,0.9819951412914657,,
1271,"Austfonna, Winsnesbreen",G023284E79812N,0,0.9784167652499856,,
1272,"Ahlmannfonna, -",G022696E80112N,0,0.8009255455990418,,
1273,"Ahlmannfonna, -",G022637E80125N,0,0.8196182906077312,,
1274,"Ahlmannfonna, -",G022687E80138N,0,0.9333703185406866,,
1275,"Ahlmannfonna, -",G022785E80122N,0,0.8074577067693184,,
1276,,G023047E80283N,0,0.7584873552114562,,
1277,,G022867E80345N,1,0.6419770206991711,,
1278,,G022874E80354N,1,0.5775746469104467,,
1279,,G023153E80413N,0,0.9820920177752381,,
1280,,G023174E80433N,0,0.9693857897744582,,
1281,,G023081E80437N,0,0.7605779147564448,,
1282,,G022468E80386N,1,0.6428649532344719,,
1283,,G022432E80377N,0,0.9781761890766841,,
1284,,G019043E79891N,0,0.9344359163325724,,
1285,Backabreen,G018751E79906N,1,0.5494125259705098,0,0
1286,,G018708E79839N,0,0.902751466532461,,
1287,Forsiusbreen,G018517E79842N,1,0.6652361303030175,,
1288,Gimlebreen,G019024E79836N,0,0.8440922219760869,,
1289,Bragebreen,G019247E79802N,0,0.8865657827664151,,
1290,"Vegafonna, Mariebreen",G021009E79425N,0,0.8939339159528321,,
1291,"Vegafonna, Rosenthalbreen",G021326E79440N,0,0.9814079769057134,,
1292,"Vegfonna, Previously attached to Rosenthalbreen",G021473E79377N,1,0.547098332759255,,
1293,Augnebreen,G021810E78471N,0,0.8532812416111589,,
1294,Handbreen,G021967E78486N,0,0.9192375271194463,,
1295,Willybreen,G021982E78461N,0,0.9762327243804609,,
1296,Isormen,G022015E78441N,1,0.5454608592629279,,
1297,Reymondbreen,G021919E78414N,0,0.6815028041587634,,
1298,Hübnerbreen,G021729E78376N,0,0.6844477388447509,,
1299,Freemanbreen,G021590E78354N,0,0.670480252127198,,
1300,Duckwitzbreen,G021120E78374N,0,0.9125767062075474,,
1301,Solveigdomen S,G020965E78436N,0,0.7860890287611667,,
1302,Solveigdomen N,G021000E78455N,0,0.8649026156394246,,
1303,,G021245E78476N,0,0.8638594233824257,,
1304,Besselsbreen,G021460E78472N,0,0.6151409979923603,,
1305,Langjøkulen N,G021659E78164N,0,0.7811812090925885,,
1306,Langjøkulen N,G021788E78164N,0,0.6296188232846213,,
1307,,G021809E78145N,0,0.5300147515381893,,
1308,,G021676E78134N,1,0.5640220792793246,,
1309,,G021615E78123N,0,0.7050598642295869,,
1310,,G021636E78108N,1,0.6266812137755696,,
1311,,G021515E78108N,0,0.7626295071603563,,
1312,,G021411E78107N,0,0.7565914337150259,,
1313,,G021379E78100N,1,0.6987325784454158,,
1314,,G021346E78089N,0,0.7449124484846706,,
1315,,G021246E78075N,1,0.5543924075338318,,
1316,,G021329E78031N,1,0.7790938857696489,,
1317,,G021411E78013N,1,0.7716494880614574,,
1318,Kvitisen S,G021537E78033N,0,0.9547455710659392,,
1319,Kvitisen SE,G021578E78047N,0,0.6795602529106547,,
1320,Kvitisen W,G021454E78071N,0,0.9058388584113726,,
1321,Kvitisen E,G021589E78083N,0,0.6259628709036689,,
1322,,G021746E78056N,0,0.9783978496203325,,
1323,Blåisen N,G021850E78063N,1,0.7075494333217355,,
1324,Blåisen E,G021903E78050N,1,0.6933235211147475,,
1325,Blåisen S,G021802E78031N,1,0.7327546563674938,,
1326,,G021825E77963N,0,0.93169044825438,,
1327,,G021907E77953N,0,0.9162353866493185,,
1328,,G021977E77913N,0,0.8694026156394246,,
1329,,G022126E77960N,0,0.8773324023157958,,
1330,,G022141E77979N,0,0.6010144635503021,,
1331,,G022010E77975N,0,0.8628883299251389,,
1332,,G021909E77927N,1,0.5486811335111348,,
1333,Marsjøbreen,G022215E77928N,0,0.9746808873286238,,
1334,,G022417E77913N,1,0.691155666527814,0,0
1335,,G022399E77891N,0,0.8646927492069281,,
1336,,G022559E77872N,1,0.9419262464153638,,
1337,,G022869E77865N,1,0.6986516444671134,0,0
1338,,G022811E77877N,1,0.7881885859283326,,
1339,,G022879E77886N,1,0.8062339807038358,,
1340,Albrechtbreen,G023101E77888N,1,0.6760374587356528,0,0
1341,,G022845E77843N,0,0.6013720571023351,,
1342,Seidbreen,G022918E77824N,1,0.723173967594796,0,0
1343,Gandbreen N,G023062E77750N,1,0.6383063220431107,0,0
1344,Gandbreen S,G023134E77724N,1,0.546919568390121,0,0
1345,,G023114E77702N,1,0.9204550465883589,,
1346,,G023061E77659N,0,0.9376808446812127,,
1347,Deltabreen,G023294E77648N,0,0.6560957439693029,,
1348,Kong Johans Bre,G023592E77662N,1,0.6126281329027405,0,0
1349,,G023702E77593N,1,0.8108345686831827,,
1350,,G023672E77565N,1,0.7401835822079528,,
1351,Pettersenbreen,G023386E77490N,1,0.5548861159702355,0,2
1352,,G023346E77466N,1,0.6054835142056645,,
1353,,G023248E77507N,1,0.7571216407631933,,
1354,,G023069E77453N,1,0.6428436354708544,,
1355,,G023016E77464N,1,0.8212191393374161,0,0
1356,,G023042E77443N,1,0.614608928824065,,
1357,,G023006E77419N,1,0.761587729703449,,
1358,,G022943E77428N,1,0.5527351000434345,,
1359,,G022904E77411N,1,0.7276785380413753,,
1360,,G022946E77401N,1,0.7721017903929288,,
1361,Kvitkåpa SW,G022867E77386N,1,0.7884248242514131,0,2
1362,Hartmannbreen,G022942E77362N,1,0.7674640616423746,,
1363,,G022853E77360N,1,0.5941959010040062,,
1364,,G022901E77451N,0,0.8558152540238062,,
1365,,G022157E77596N,1,0.5754730853980927,,
1366,,G022015E77578N,1,0.5325493385319876,0,0
1367,Skarvbreen,G022136E77607N,1,0.7737370053653184,,
1368,Veidebreen,G022129E77665N,1,0.7681963547535609,0,0
1369,,G022184E77709N,1,0.7836220312154158,0,0
1370,,G022032E77715N,1,0.5960994288951611,0,0
1371,Philippibreen,G021896E77713N,0,0.5357847585622789,,
1372,Schwerdtbreen,G021733E77696N,0,0.8551884149790645,,
1373,,G021648E77686N,0,0.62564948849268,,
1374,,G021643E77660N,0,0.5471762254052551,,
1375,,G021612E77640N,1,0.7225221180528382,,
1376,,G021623E77624N,1,0.6524962906701582,,
1377,,G021651E77577N,1,0.5791978599962238,,
1378,,G021636E77568N,1,0.5386936537839072,,
1379,,G021526E77589N,1,0.765844016170605,0,0
1380,,G021338E77589N,1,0.5306513381538976,0,0
1381,,G021185E77550N,1,0.6895799107829433,,
1382,,G021168E77532N,0,0.5381241634321405,,
1383,,G021264E77535N,1,0.7957447405058391,,
1384,,G021370E77518N,0,0.9372649515447133,,
1385,,G021403E77515N,1,0.6407646069007185,,
1386,,G021415E77517N,1,0.6027478633761101,,
1387,,G021449E77515N,1,0.5401747735671167,,
1388,Skrentbreen,G021430E77541N,1,0.5806978599962236,0,0
1389,Kuhrbreen,G021849E77617N,0,0.5350474177021685,,
1390,,G021418E77660N,1,0.6064128071349574,,
1391,,G022141E77741N,0,0.6201466366258768,,
1392,,G022338E77821N,1,0.6449978540325043,,
1393,,G022250E77826N,0,0.8711054837916707,,
1394,,G022161E77829N,0,0.9647133122136802,,
1395,,G022161E77855N,0,0.9303731392618173,,
1396,,G022338E77853N,1,0.7016551888329386,0,0
1397,,G022453E77825N,1,0.6879161884288987,,
1398,Raundalsfjella,G022371E78040N,0,0.769061466183605,,
1399,Raundalsfjella,G022310E78060N,1,0.57069798852374,,
1400,Raundalsfonna S,G022267E78055N,0,0.8603976689414022,,
1401,,G022180E78053N,0,0.928180658903693,,
1402,Raundalsfonna N,G022306E78072N,1,0.762591283765753,,
1403,Bergfonna E,G022094E78143N,0,0.7056287845681333,,
1404,Bergfonna W,G022016E78125N,0,0.9062323691611305,,
1405,Bergfonna S,G021961E78098N,0,0.6722143765417694,,
1406,Stonebreen,G023608E77828N,1,0.8054102523782426,1,1
1407,,G018878E78099N,0,0.6693130247106382,,
1408,,G018829E78099N,1,0.7039304512598384,,
1409,Daudbreen,G018821E78088N,1,0.6987088202454413,,
1410,,G018809E78072N,0,0.97107052107878,,
1411,Vallåkrabreen,G017158E77876N,1,0.6383237809125053,1,1
1412,,G015797E77473N,0,0.8250812181507247,,
1413,Austre Torellbreen,G015444E77229N,0,0.5373476039408461,,
1414,Paierlbreen,G015696E77195N,0,0.6998328851297865,,
1415,Mülbacherbreen,G015900E77167N,1,0.7887886937025257,0,0
1416,Kvalfangarbreen,G016079E77105N,0,0.9623117258834359,,
1417,Storbreen,G016172E77192N,0,0.8690591603111241,,
1418,Hornbreen,G016807E77171N,0,0.534944916040112,,
1419,Eidembreen,G013311E78415N,0,0.9733356741752985,,
1420,Chalresbreenn,G013462E78499N,0,0.9762291001246615,,
1421,Borebreen,G013724E78479N,0,0.8568045882038126,,
1422,Archibald Geikiebreen,G011580E78441N,0,0.9697103975842261,,
1423,,G011511E78444N,0,0.7332416237133492,,
1424,Archibald Geikiebreen,G011487E78456N,0,0.9841229195233782,,
1425,Midtre Geikiebreen,G011489E78470N,0,0.9280692862507938,,
1426,James Geikiebreen,G011470E78487N,0,0.6595291315828826,,
1427,,G011372E78483N,1,0.538972278479269,,
1428,James Geikiebreen,G011377E78501N,0,0.6214187328795536,,
1429,Doddsbreen,G011330E78518N,0,0.8944012496608954,,
1430,,G011127E78518N,1,0.7351138429674318,,
1431,Magdabreen,G011146E78558N,0,0.7834320315215465,,
1432,Alfredbreen,G011097E78567N,0,0.8595676917013165,,
1433,Stigbreen,G010977E78610N,0,0.9928462140505256,,
1434,Søre Buchananisen,G011008E78636N,0,0.7148035719776437,,
1435,Parnassbreen,G010967E78629N,1,0.6816652582761811,,
1436,,G010937E78653N,1,0.5908216628103855,,
1437,Nordre Buchananisen,G010958E78667N,0,0.9185229485118551,,
1438,,G010902E78669N,0,0.5475027743935253,,
1439,Millerbreen,G010878E78702N,0,0.8257804736846026,,
1440,Fallbreen,G010975E78700N,0,0.9913948944096911,,
1441,Murraybreen,G010960E78727N,0,0.9042805674871541,,
1442,Previously a part of Murraybreen,G010911E78737N,0,0.9190897498127839,,
1443,Vestre Vesalbreen,G010871E78743N,0,0.7088218519516962,,
1444,Austre Vesalbreen,G010904E78746N,0,0.9627455407307377,,
1445,,G010839E78729N,1,0.5915379822589355,,
1446,"Storøyjøkulen, -",G027995E80083N,0,0.7202293146971608,,
1447,"Storøyjøkulen, -",G028099E80087N,0,0.6539689766701074,,
1448,"Storøyjøkulen, -",G028075E80068N,0,0.8104661797516834,,
